timestamp,prev,real,pred,diff,position,asset
2022-01-01 09:00:00,56784000.0,57915000.0,58087178.813350305,-0.2972957150139083,1.0,10000.0
2022-01-02 09:00:00,57915000.0,57531000.0,57513551.43176281,0.0303289847859292,0.0,10199.175824175823
2022-01-03 09:00:00,57531000.0,56641000.0,56802969.120064266,-0.28595738080942434,0.0,10199.175824175823
2022-01-04 09:00:00,56641000.0,56023000.0,55423168.68177702,1.0706876072737574,0.0,10199.175824175823
2022-01-05 09:00:00,56023000.0,53854000.0,54129723.45010333,-0.5119832326351387,0.0,10199.175824175823
2022-01-06 09:00:00,53854000.0,53239000.0,53500852.446123615,-0.4918432842908675,0.0,10199.175824175823
2022-01-07 09:00:00,53239000.0,51449000.0,51376775.210044995,0.1403813289957143,0.0,10199.175824175823
2022-01-08 09:00:00,51449000.0,52142000.0,52555040.316434205,-0.7921451352733009,1.0,10199.175824175823
2022-01-09 09:00:00,52142000.0,51678000.0,52028432.03765796,-0.678106810747245,0.0,10336.555148286183
2022-01-10 09:00:00,51678000.0,51246000.0,51434986.10649996,-0.3687821615344856,0.0,10336.555148286183
2022-01-11 09:00:00,51246000.0,52307000.0,51934119.322141215,0.7128695544741331,1.0,10336.555148286183
2022-01-12 09:00:00,52307000.0,53349000.0,52773159.44457785,1.0793839723746455,1.0,10550.56375407652
2022-01-13 09:00:00,53349000.0,51885000.0,51995079.38897955,-0.21216033339027993,0.0,10760.73997201576
2022-01-14 09:00:00,51885000.0,52230000.0,51899302.784675375,0.6331556870086643,0.0,10760.73997201576
2022-01-15 09:00:00,52230000.0,52357000.0,52553855.406176835,-0.37598679484469183,1.0,10760.73997201576
2022-01-16 09:00:00,52357000.0,52165000.0,51929443.403657526,0.4515606179286384,0.0,10786.90527885945
2022-01-17 09:00:00,52165000.0,51436000.0,51403233.978416145,0.06370250716201717,0.0,10786.90527885945
2022-01-18 09:00:00,51436000.0,51179000.0,51194758.31980583,-0.030790597326697897,0.0,10786.90527885945
2022-01-19 09:00:00,51179000.0,50333000.0,50502705.58069693,-0.3371656382431665,0.0,10786.90527885945
2022-01-20 09:00:00,50333000.0,49648000.0,50083017.141676515,-0.8762027507180861,0.0,10786.90527885945
2022-01-21 09:00:00,49648000.0,45316000.0,45664090.782622606,-0.7681410155852361,0.0,10786.90527885945
2022-01-22 09:00:00,45316000.0,43375000.0,43703898.01712621,-0.7582663219048069,0.0,10786.90527885945
2022-01-23 09:00:00,43375000.0,44253000.0,44343658.43103958,-0.2048639211795341,1.0,10786.90527885945
2022-01-24 09:00:00,44253000.0,44731000.0,44873669.6028503,-0.3189501751588452,1.0,11005.254623754865
2022-01-25 09:00:00,44731000.0,44909000.0,44985300.06739775,-0.16989927942673164,1.0,10571.167173282262
2022-01-26 09:00:00,44909000.0,45100000.0,45073147.92664355,0.05953896531363549,1.0,10613.233475328812
2022-01-27 09:00:00,45100000.0,45809000.0,45588232.49153054,0.4819304251772848,1.0,10658.372035389999
2022-01-28 09:00:00,45809000.0,46588000.0,46496765.155823745,0.19583335660739923,1.0,10825.928260957438
2022-01-29 09:00:00,46588000.0,47146000.0,46862186.60330528,0.6019882846789119,1.0,11010.027414295993
2022-01-30 09:00:00,47146000.0,47208000.0,46951952.47828394,0.5423816338672646,0.0,11141.89818138574
2022-01-31 09:00:00,47208000.0,47266000.0,46936886.66043644,0.6963003841314337,0.0,11141.89818138574
2022-02-01 09:00:00,47266000.0,47760000.0,47889621.20459386,-0.2714011821479473,1.0,11141.89818138574
2022-02-02 09:00:00,47760000.0,45517000.0,45444788.14348722,0.15864810183618758,0.0,11258.347589027693
2022-02-03 09:00:00,45517000.0,45835000.0,45984735.09260464,-0.3266828681240038,1.0,11258.347589027693
2022-02-04 09:00:00,45835000.0,50633000.0,50208999.800122425,0.8373989293100844,1.0,11337.002916340803
2022-02-05 09:00:00,50633000.0,50788000.0,50892803.52219915,-0.20635489131122794,1.0,12523.758452341746
2022-02-06 09:00:00,50788000.0,51732000.0,51682258.17356708,0.09615291586043646,1.0,12562.096740811972
2022-02-07 09:00:00,51732000.0,53511000.0,53240249.133781604,0.5059723537560419,1.0,12795.58928478548
2022-02-08 09:00:00,53511000.0,53651000.0,53733386.563789114,-0.1535601643755277,1.0,13235.613898905045
2022-02-09 09:00:00,53651000.0,53660000.0,53742091.610925905,-0.152984738959943,0.0,13270.24203042654
2022-02-10 09:00:00,53660000.0,53123000.0,53300354.496002525,-0.3338563258899631,0.0,13270.24203042654
2022-02-11 09:00:00,53123000.0,51882000.0,51686678.75733817,0.376472076369119,0.0,13270.24203042654
2022-02-12 09:00:00,51882000.0,51597000.0,51817712.74527115,-0.4277627483596843,0.0,13270.24203042654
2022-02-13 09:00:00,51597000.0,51550000.0,51556925.20329933,-0.013433954023915975,0.0,13270.24203042654
2022-02-14 09:00:00,51550000.0,51586000.0,51941593.35618895,-0.6893214364148275,1.0,13270.24203042654
2022-02-15 09:00:00,51586000.0,53832000.0,53805418.985530846,0.049377720443517195,1.0,13279.509318750406
2022-02-16 09:00:00,53832000.0,53298000.0,53020391.69679121,0.5208606386896144,0.0,13857.685140289455
2022-02-17 09:00:00,53298000.0,49376000.0,50021381.34440304,-1.3070749846140703,0.0,13857.685140289455
2022-02-18 09:00:00,49376000.0,49015000.0,49744481.29130534,-1.4882817327457734,1.0,13857.685140289455
2022-02-19 09:00:00,49015000.0,49035000.0,47820406.68131964,2.4769925944332845,0.0,13580.531437483665
2022-02-20 09:00:00,49035000.0,47131000.0,47209751.152532466,-0.16708992495908373,0.0,13580.531437483665
2022-02-21 09:00:00,47131000.0,45450000.0,45430944.47042921,0.04192635769150307,0.0,13580.531437483665
2022-02-22 09:00:00,45450000.0,46474000.0,46501307.301096745,-0.058758232768310964,1.0,13580.531437483665
2022-02-23 09:00:00,46474000.0,45543000.0,45492080.07417582,0.11180626182767986,0.0,13886.504246988248
2022-02-24 09:00:00,45543000.0,46927000.0,46917038.782188416,0.02122705012377623,1.0,13886.504246988248
2022-02-25 09:00:00,46927000.0,47831000.0,47861923.024416134,-0.06465059149115378,1.0,13608.774162048483
2022-02-26 09:00:00,47831000.0,47809000.0,48110011.848043986,-0.6296133532263499,1.0,13870.93308638824
2022-02-27 09:00:00,47809000.0,46358000.0,46562563.33350927,-0.44126867748666115,0.0,13864.553112565813
2022-02-28 09:00:00,46358000.0,52332000.0,52032470.48122755,0.5723639814500746,1.0,13864.553112565813
2022-03-01 09:00:00,52332000.0,53790000.0,53735873.49337435,0.10062559328063267,1.0,15651.231577867771
2022-03-02 09:00:00,53790000.0,53359000.0,53462077.74961669,-0.19317781370844653,0.0,16087.284005455695
2022-03-03 09:00:00,53359000.0,51842000.0,51959331.2231227,-0.22632464627657314,0.0,16087.284005455695
2022-03-04 09:00:00,51842000.0,48450000.0,48044685.99544836,0.8365614129032851,0.0,16087.284005455695
2022-03-05 09:00:00,48450000.0,48605000.0,48004374.6411696,1.2357275153387508,0.0,16087.284005455695
2022-03-06 09:00:00,48605000.0,47745000.0,48248212.77984858,-1.0539591158206787,0.0,16087.284005455695
2022-03-07 09:00:00,47745000.0,47415000.0,47174841.21138171,0.5065038249884823,0.0,16087.284005455695
2022-03-08 09:00:00,47415000.0,48213000.0,48089928.18007259,0.2552668780773013,1.0,16087.284005455695
2022-03-09 09:00:00,48213000.0,51570000.0,51311003.573708385,0.5022230488493596,1.0,16358.0348783093
2022-03-10 09:00:00,51570000.0,48917000.0,48977076.91990909,-0.12281399086021179,0.0,17497.020693058108
2022-03-11 09:00:00,48917000.0,48315000.0,48126760.46750819,0.38960888438747926,0.0,17497.020693058108
2022-03-12 09:00:00,48315000.0,48500000.0,48283158.316159725,0.4470962553407728,0.0,17497.020693058108
2022-03-13 09:00:00,48500000.0,47510000.0,47601920.10431315,-0.19347527744295948,0.0,17497.020693058108
2022-03-14 09:00:00,47510000.0,49171000.0,49029265.7617069,0.2882476221616327,1.0,17497.020693058108
2022-03-15 09:00:00,49171000.0,48640000.0,48976771.81318326,-0.6923762606563794,0.0,18108.735097839617
2022-03-16 09:00:00,48640000.0,50389000.0,49990614.252535574,0.7906204676902219,1.0,18108.735097839617
2022-03-17 09:00:00,50389000.0,50069000.0,50524818.05173059,-0.9103797793656516,0.0,18759.89006671547
2022-03-18 09:00:00,50069000.0,50770000.0,50514861.17843917,0.5025385494599761,1.0,18759.89006671547
2022-03-19 09:00:00,50770000.0,51245000.0,51059912.24643536,0.3611820734991529,1.0,19022.541266794713
2022-03-20 09:00:00,51245000.0,50462000.0,49842171.0982263,1.2283082354518224,0.0,19200.51461920219
2022-03-21 09:00:00,50462000.0,50128000.0,50447201.49470537,-0.6367728509124073,0.0,19200.51461920219
2022-03-22 09:00:00,50128000.0,51704000.0,51655202.474465795,0.0943786274450819,1.0,19200.51461920219
2022-03-23 09:00:00,51704000.0,52138000.0,51830478.389427654,0.5898224146924422,0.0,19804.16948354672
2022-03-24 09:00:00,52138000.0,52966000.0,53059474.8430445,-0.1764808425112281,1.0,19804.16948354672
2022-03-25 09:00:00,52966000.0,53791000.0,54000287.426532306,-0.38907517341619563,1.0,20118.678140042495
2022-03-26 09:00:00,53791000.0,53902000.0,53855658.74310975,0.08597316776789772,0.0,20432.047272420532
2022-03-27 09:00:00,53902000.0,55949000.0,56132758.069903746,-0.3284385241983704,1.0,20432.047272420532
2022-03-28 09:00:00,55949000.0,56914000.0,56810654.991646536,0.18158099650958343,1.0,21207.98138927417
2022-03-29 09:00:00,56914000.0,56985000.0,56999219.656785645,-0.02495333295717222,0.0,21573.7734863742
2022-03-30 09:00:00,56985000.0,56620000.0,56668017.755085684,-0.08480705596199993,0.0,21573.7734863742
2022-03-31 09:00:00,56620000.0,55352000.0,55186062.3109677,0.29978625710417206,0.0,21573.7734863742
2022-04-01 09:00:00,55352000.0,56369000.0,56497327.769663945,-0.2276566369173568,1.0,21573.7734863742
2022-04-02 09:00:00,56369000.0,56050000.0,55897268.049599186,0.27249232899342446,0.0,21970.15532687938
2022-04-03 09:00:00,56050000.0,56639000.0,56513954.41305946,0.22077647370282288,1.0,21970.15532687938
2022-04-04 09:00:00,56639000.0,57055000.0,57121959.824560694,-0.11736013418752853,1.0,22201.02814556862
2022-04-05 09:00:00,57055000.0,56155000.0,56319788.94055373,-0.2934537272793736,0.0,22364.08942328462
2022-04-06 09:00:00,56155000.0,53072000.0,53357923.8765243,-0.5387471294172056,0.0,22364.08942328462
2022-04-07 09:00:00,53072000.0,53814000.0,53720178.75725935,0.1743435588149059,1.0,22364.08942328462
2022-04-08 09:00:00,53814000.0,52934000.0,53263425.22672572,-0.6223320110434123,0.0,22676.76191258363
2022-04-09 09:00:00,52934000.0,53258000.0,53241731.33593891,0.03054689260034519,1.0,22676.76191258363
2022-04-10 09:00:00,53258000.0,52819000.0,52869308.551566355,-0.09524707314859222,0.0,22815.56251068083
2022-04-11 09:00:00,52819000.0,50050000.0,50297833.61985365,-0.4951720676396663,0.0,22815.56251068083
2022-04-12 09:00:00,50050000.0,50577000.0,50547586.43090404,0.058156017747121716,1.0,22815.56251068083
2022-04-13 09:00:00,50577000.0,51700000.0,51593810.091074765,0.20539634221515526,1.0,23055.798303750336
2022-04-14 09:00:00,51700000.0,50245000.0,50358467.30899615,-0.22582806049586704,0.0,23567.723912131845
2022-04-15 09:00:00,50245000.0,50850000.0,50843904.01667962,0.011988167788353524,1.0,23567.723912131845
2022-04-16 09:00:00,50850000.0,50567000.0,50747890.57502531,-0.35772455361265765,0.0,23851.5028546503
2022-04-17 09:00:00,50567000.0,49962000.0,49522149.97278566,0.8803691349712598,0.0,23851.5028546503
2022-04-18 09:00:00,49962000.0,50839000.0,50825563.02937025,0.02643043850144905,1.0,23851.5028546503
2022-04-19 09:00:00,50839000.0,51458000.0,51325059.6720083,0.25834725016849014,1.0,23374.472797557297
2022-04-20 09:00:00,51458000.0,51388000.0,51411236.52340028,-0.04521780065438799,0.0,23659.073176433514
2022-04-21 09:00:00,51388000.0,50805000.0,50818232.99357736,-0.026046636310129132,0.0,23659.073176433514
2022-04-22 09:00:00,50805000.0,49937000.0,50024928.8092109,-0.1760794785647846,0.0,23659.073176433514
2022-04-23 09:00:00,49937000.0,49742000.0,49842361.32697987,-0.20176375493520188,0.0,23659.073176433514
2022-04-24 09:00:00,49742000.0,49620000.0,49202425.853159815,0.841544028295415,0.0,23659.073176433514
2022-04-25 09:00:00,49620000.0,50614000.0,50669762.761023775,-0.11017260248898475,1.0,23659.073176433514
2022-04-26 09:00:00,50614000.0,48777000.0,48819054.37551541,-0.08621763436744534,0.0,23185.891712904842
2022-04-27 09:00:00,48777000.0,49954000.0,50071371.160938546,-0.23495848368207964,1.0,23185.891712904842
2022-04-28 09:00:00,49954000.0,50580000.0,50647900.316848904,-0.13424341014018168,1.0,23745.37250397623
2022-04-29 09:00:00,50580000.0,49731000.0,49760830.23264795,-0.05998317477619185,0.0,24042.938328284374
2022-04-30 09:00:00,49731000.0,49283000.0,49181174.265045434,0.20661431924713541,0.0,24042.938328284374
2022-05-01 09:00:00,49283000.0,49383000.0,49130470.85808746,0.5113685720036091,0.0,24042.938328284374
2022-05-02 09:00:00,49383000.0,49520000.0,49607131.31947538,-0.17595177600036865,1.0,24042.938328284374
2022-05-03 09:00:00,49520000.0,48777000.0,48679206.34316723,0.20049133163738958,0.0,24109.639066412372
2022-05-04 09:00:00,48777000.0,50616000.0,50682307.3844632,-0.13100083859490771,1.0,24109.639066412372
2022-05-05 09:00:00,50616000.0,47647000.0,48253777.79888221,-1.2734858414636991,0.0,25018.625396919215
2022-05-06 09:00:00,47647000.0,47031000.0,47192164.51401711,-0.3426772001809712,0.0,25018.625396919215
2022-05-07 09:00:00,47031000.0,46507000.0,46579178.82750352,-0.15519992152475384,0.0,25018.625396919215
2022-05-08 09:00:00,46507000.0,44770000.0,45076687.75409543,-0.6850296048591192,0.0,25018.625396919215
2022-05-09 09:00:00,44770000.0,41002000.0,40853977.589083485,0.3610126601544186,0.0,25018.625396919215
2022-05-10 09:00:00,41002000.0,41046000.0,41947096.2617315,-2.1953327041161086,1.0,25018.625396919215
2022-05-11 09:00:00,41046000.0,40290000.0,40298218.453722104,-0.020398247014406626,0.0,24518.25288898083
2022-05-12 09:00:00,40290000.0,39243000.0,38888203.443073325,0.9041015134588974,0.0,24518.25288898083
2022-05-13 09:00:00,39243000.0,39270000.0,39230498.1357376,0.10059043611510582,0.0,24518.25288898083
2022-05-14 09:00:00,39270000.0,39967000.0,39929827.76973121,0.0930073067000058,1.0,24518.25288898083
2022-05-15 09:00:00,39967000.0,40906000.0,41027092.611842275,-0.2960265287299532,1.0,24027.887831201213
2022-05-16 09:00:00,40906000.0,39256000.0,39452871.59498779,-0.5015070180043492,0.0,24592.408227365497
2022-05-17 09:00:00,39256000.0,39259000.0,39267625.344210126,-0.021970361471574686,0.0,24592.408227365497
2022-05-18 09:00:00,39259000.0,37099000.0,37159030.82594659,-0.1618125177136629,0.0,24592.408227365497
2022-05-19 09:00:00,37099000.0,38780000.0,39950997.760830335,-3.0195919567569245,1.0,24592.408227365497
2022-05-20 09:00:00,38780000.0,37762000.0,38967622.21907571,-3.192686348910835,1.0,25706.719616626702
2022-05-21 09:00:00,37762000.0,38037000.0,38693631.99381529,-1.7262980619273023,1.0,25031.901654539906
2022-05-22 09:00:00,38037000.0,38933000.0,38966991.945174575,-0.087308825866424,1.0,25214.19530834528
2022-05-23 09:00:00,38933000.0,37436000.0,37154138.824180014,0.7529147767389293,0.0,25808.141176743873
2022-05-24 09:00:00,37436000.0,37827000.0,38101862.50775058,-0.7266304696396177,1.0,25808.141176743873
2022-05-25 09:00:00,37827000.0,37935000.0,38182013.62868744,-0.6511496736191943,1.0,26077.69409906749
2022-05-26 09:00:00,37935000.0,37662000.0,38126527.79230648,-1.2334124377528617,1.0,26152.148614696518
2022-05-27 09:00:00,37662000.0,36837000.0,35912097.064003736,2.5107987512453898,0.0,25291.978353208997
2022-05-28 09:00:00,36837000.0,37034000.0,36264520.484817974,2.077765067727023,0.0,25291.978353208997
2022-05-29 09:00:00,37034000.0,37380000.0,36621990.05657726,2.02784896581793,0.0,25291.978353208997
2022-05-30 09:00:00,37380000.0,39550000.0,38820177.336011715,1.8453164702611498,1.0,25291.978353208997
2022-05-31 09:00:00,39550000.0,39923000.0,39937719.45234075,-0.03686960484119903,1.0,26760.239268844725
2022-06-01 09:00:00,39923000.0,37880000.0,37989826.17220474,-0.28993181680237684,0.0,27012.617758030035
2022-06-02 09:00:00,37880000.0,38392000.0,38655903.99206054,-0.687393186238128,1.0,27012.617758030035
2022-06-03 09:00:00,38392000.0,37851000.0,37881140.142345205,-0.07962839117911005,0.0,27377.730226142798
2022-06-04 09:00:00,37851000.0,37916000.0,37823137.0711259,0.2449175252508117,0.0,27377.730226142798
2022-06-05 09:00:00,37916000.0,37972000.0,37805459.96343258,0.4385864230681022,0.0,27377.730226142798
2022-06-06 09:00:00,37972000.0,39532000.0,39616736.790109664,-0.2143498687383998,1.0,27377.730226142798
2022-06-07 09:00:00,39532000.0,39398000.0,39177751.06536662,0.5590358257611596,0.0,28502.48686663534
2022-06-08 09:00:00,39398000.0,38581000.0,38639230.773241796,-0.15093121806535756,0.0,28502.48686663534
2022-06-09 09:00:00,38581000.0,38256000.0,38180346.20145742,0.1977566879511227,0.0,28502.48686663534
2022-06-10 09:00:00,38256000.0,37611000.0,37629877.742278986,-0.050192077527812816,0.0,28502.48686663534
2022-06-11 09:00:00,37611000.0,37058000.0,36337106.28909049,1.9453119728790225,0.0,28502.48686663534
2022-06-12 09:00:00,37058000.0,34718000.0,35317333.50400351,-1.7262904084437751,0.0,28502.48686663534
2022-06-13 09:00:00,34718000.0,29372000.0,35091890.63368529,-19.473956944318708,1.0,28502.48686663534
2022-06-14 09:00:00,29372000.0,28829000.0,30550179.349894103,-5.97030542125673,1.0,27932.43712930263
2022-06-15 09:00:00,28829000.0,29253000.0,28686797.904109243,1.9355351447398788,0.0,27932.43712930263
2022-06-16 09:00:00,29253000.0,26898000.0,28642020.438503154,-6.483829424132477,0.0,27932.43712930263
2022-06-17 09:00:00,26898000.0,27010000.0,27647988.32962429,-2.362044907901857,1.0,27932.43712930263
2022-06-18 09:00:00,27010000.0,25093000.0,26605439.381669175,-6.027335837361713,0.0,28048.74439967522
2022-06-19 09:00:00,25093000.0,26642000.0,26217853.86906052,1.5920206100873806,1.0,28048.74439967522
2022-06-20 09:00:00,26642000.0,26643000.0,26614508.97407482,0.10693625314409716,0.0,27487.769511681716
2022-06-21 09:00:00,26643000.0,26967000.0,26832171.633712526,0.49997540062844803,1.0,27487.769511681716
2022-06-22 09:00:00,26967000.0,26193000.0,26296533.721948307,-0.39527248481772614,0.0,27822.042578595534
2022-06-23 09:00:00,26193000.0,27419000.0,27481489.877922934,-0.22790721004753473,1.0,27822.042578595534
2022-06-24 09:00:00,27419000.0,27597000.0,27583424.149459343,0.04919321136593324,1.0,29124.292194957085
2022-06-25 09:00:00,27597000.0,27832000.0,27003738.127637587,2.975933717887369,0.0,29313.362693906805
2022-06-26 09:00:00,27832000.0,27460000.0,27028734.021036383,1.5705243225186354,0.0,29313.362693906805
2022-06-27 09:00:00,27460000.0,27039000.0,27523145.252293736,-1.7905442223963008,0.0,29313.362693906805
2022-06-28 09:00:00,27039000.0,26547000.0,26545854.55484607,0.004314781911060734,0.0,29313.362693906805
2022-06-29 09:00:00,26547000.0,26548000.0,26773264.870735127,-0.8485191755880951,1.0,29313.362693906805
2022-06-30 09:00:00,26548000.0,26003000.0,25670132.18801289,1.280113109976193,0.0,29314.46690013327
2022-07-01 09:00:00,26003000.0,25556000.0,25693200.363505088,-0.5368616509042409,0.0,29314.46690013327
2022-07-02 09:00:00,25556000.0,25463000.0,26088030.575009722,-2.454661960529876,1.0,29314.46690013327
2022-07-03 09:00:00,25463000.0,25422000.0,25244685.6748315,0.6974837745594429,0.0,29207.789586715193
2022-07-04 09:00:00,25422000.0,26399000.0,26070723.46329807,1.2435188329176439,1.0,29207.789586715193
2022-07-05 09:00:00,26399000.0,26548000.0,25962798.882958658,2.2043133834614355,0.0,30330.282326319502
2022-07-06 09:00:00,26548000.0,26954000.0,26750381.630208947,0.7554291377571167,1.0,30330.282326319502
2022-07-07 09:00:00,26954000.0,28115000.0,27782404.743613705,1.1829815272498487,1.0,30794.12497452222
2022-07-08 09:00:00,28115000.0,28241000.0,27764092.314210743,1.6887067943389302,0.0,32120.532153249693
2022-07-09 09:00:00,28241000.0,28200000.0,27614179.584166765,2.077377361110762,0.0,32120.532153249693
2022-07-10 09:00:00,28200000.0,27317000.0,27254300.559131708,0.22952535369290922,0.0,32120.532153249693
2022-07-11 09:00:00,27317000.0,26460000.0,26561069.055402663,-0.3819692192088534,0.0,32120.532153249693
2022-07-12 09:00:00,26460000.0,25723000.0,25748834.910436645,-0.10043505981668216,0.0,32120.532153249693
2022-07-13 09:00:00,25723000.0,26611000.0,26715061.427715547,-0.3910466638440772,1.0,32120.532153249693
2022-07-14 09:00:00,26611000.0,27135000.0,26940620.554689907,0.7163421607152882,1.0,31478.121510184697
2022-07-15 09:00:00,27135000.0,27518000.0,27267040.09890546,0.9119845232013263,1.0,32097.960511775647
2022-07-16 09:00:00,27518000.0,27857000.0,27695127.039820794,0.5810854010812578,1.0,32551.01077438888
2022-07-17 09:00:00,27857000.0,27505000.0,27695481.932570357,-0.6925356574090415,0.0,32952.0134872502
2022-07-18 09:00:00,27505000.0,29322000.0,28450057.361521903,2.9736806441514787,1.0,32952.0134872502
2022-07-19 09:00:00,29322000.0,30660000.0,30298071.141678765,1.1804594204867402,1.0,35128.84709955101
2022-07-20 09:00:00,30660000.0,30505000.0,30452260.04693438,0.17288953635672472,0.0,36731.82088780554
2022-07-21 09:00:00,30505000.0,30415000.0,31012203.967720993,-1.9635178948577767,1.0,36731.82088780554
2022-07-22 09:00:00,30415000.0,30080000.0,30674526.983430684,-1.9764859821498793,1.0,35997.184470049426
2022-07-23 09:00:00,30080000.0,29722000.0,29987853.313597053,-0.8944664342811832,0.0,35997.184470049426
2022-07-24 09:00:00,29722000.0,29818000.0,29446381.208736267,1.2462901310072205,0.0,35997.184470049426
2022-07-25 09:00:00,29818000.0,28555000.0,29107719.793719936,-1.9356322665730559,0.0,35997.184470049426
2022-07-26 09:00:00,28555000.0,28401000.0,28342577.221604966,0.20570676523726056,0.0,35997.184470049426
2022-07-27 09:00:00,28401000.0,30202000.0,29721630.604539264,1.5905218047173566,1.0,35997.184470049426
2022-07-28 09:00:00,30202000.0,31217000.0,30790459.376887254,1.3663728837260005,1.0,38279.883291589475
2022-07-29 09:00:00,31217000.0,31404000.0,30610132.687641304,2.527917820528264,0.0,39566.35708607207
2022-07-30 09:00:00,31404000.0,31281000.0,31083252.866230097,0.6321637216518121,0.0,39566.35708607207
2022-07-31 09:00:00,31281000.0,30751000.0,31235429.84165521,-1.5753303686228404,0.0,39566.35708607207
2022-08-01 09:00:00,30751000.0,30851000.0,32624397.552115038,-5.748266027406042,1.0,39566.35708607207
2022-08-02 09:00:00,30851000.0,30754000.0,30702328.100200605,0.16801684268516406,0.0,39695.02398173749
2022-08-03 09:00:00,30754000.0,30708000.0,30535341.88532347,0.5622577656523753,0.0,39695.02398173749
2022-08-04 09:00:00,30708000.0,30315000.0,29885306.42606224,1.4174289095753219,0.0,39695.02398173749
2022-08-05 09:00:00,30315000.0,30767000.0,30660353.89378239,0.3466249755179627,1.0,39695.02398173749
2022-08-06 09:00:00,30767000.0,30534000.0,30735751.263419136,-0.6607429862420136,0.0,40286.88117585741
2022-08-07 09:00:00,30534000.0,30685000.0,30228423.26853535,1.487947633907937,0.0,40286.88117585741
2022-08-08 09:00:00,30685000.0,31459000.0,30955723.763895534,1.5997845961552053,1.0,40286.88117585741
2022-08-09 09:00:00,31459000.0,30997000.0,31305565.419145897,-0.9954686555018131,0.0,41303.07951478893
2022-08-10 09:00:00,30997000.0,31583000.0,31454866.08796727,0.40570532258724906,1.0,41303.07951478893
2022-08-11 09:00:00,31583000.0,31770000.0,31704337.487944137,0.20668086891993293,1.0,42083.91651823011
2022-08-12 09:00:00,31770000.0,32368000.0,33536718.0458284,-3.610720606241962,1.0,42333.091466427206
2022-08-13 09:00:00,32368000.0,32562000.0,31728405.515337314,2.560022371668465,0.0,43129.91830611633
2022-08-14 09:00:00,32562000.0,32544000.0,34651600.63072071,-6.476157296954008,1.0,43129.91830611633
2022-08-15 09:00:00,32544000.0,32445000.0,34987245.344790764,-7.8355535361096145,1.0,43106.076449672924
2022-08-16 09:00:00,32445000.0,32082000.0,35382328.43313404,-10.287165491970706,1.0,42974.94623923421
2022-08-17 09:00:00,32082000.0,31547000.0,31599276.230796397,-0.16570903983388827,0.0,42267.319939994
2022-08-18 09:00:00,31547000.0,31720000.0,31598276.89828655,0.38374243919750556,0.0,42267.319939994
2022-08-19 09:00:00,31720000.0,28678000.0,29045590.55480736,-1.2817858804915307,0.0,42267.319939994
2022-08-20 09:00:00,28678000.0,29340000.0,29596641.47262734,-0.8747153122949616,1.0,42267.319939994
2022-08-21 09:00:00,29340000.0,29459000.0,29288135.70809479,0.5800071010733882,0.0,43243.01440265792
2022-08-22 09:00:00,29459000.0,29260000.0,29017922.673580818,0.8273319426492896,0.0,43243.01440265792
2022-08-23 09:00:00,29260000.0,29307000.0,29540136.12283552,-0.7954963757311245,1.0,43243.01440265792
2022-08-24 09:00:00,29307000.0,29104000.0,29285444.483157188,-0.6234348651635091,0.0,43312.475157166635
2022-08-25 09:00:00,29104000.0,29300000.0,29513340.02159597,-0.7281229406005795,1.0,43312.475157166635
2022-08-26 09:00:00,29300000.0,27969000.0,27593526.976499707,1.342461380457984,0.0,43604.161699593955
2022-08-27 09:00:00,27969000.0,27739000.0,27737668.31033482,0.004800784690074262,0.0,43604.161699593955
2022-08-28 09:00:00,27739000.0,27099000.0,27134562.97269637,-0.13123352410189076,0.0,43604.161699593955
2022-08-29 09:00:00,27099000.0,27792000.0,27743069.668496076,0.1760590511799222,1.0,43604.161699593955
2022-08-30 09:00:00,27792000.0,27314000.0,27444120.519360263,-0.4763876376959175,0.0,44719.24653880642
2022-08-31 09:00:00,27314000.0,27530000.0,27412345.704361957,0.4273675831385522,1.0,44719.24653880642
2022-09-01 09:00:00,27530000.0,27636000.0,27733789.208917595,-0.3538471881516697,1.0,45072.8877942938
2022-09-02 09:00:00,27636000.0,27571000.0,27584103.4209601,-0.04752609974284032,0.0,45246.43396596816
2022-09-03 09:00:00,27571000.0,27447000.0,27203266.047327306,0.8880167328767948,0.0,45246.43396596816
2022-09-04 09:00:00,27447000.0,27528000.0,27709383.816994265,-0.6589066295926501,1.0,45246.43396596816
2022-09-05 09:00:00,27528000.0,27309000.0,27279592.736233238,0.10768341486968351,0.0,45379.962626704975
2022-09-06 09:00:00,27309000.0,26361000.0,26600052.956144623,-0.9068432766003698,0.0,45379.962626704975
2022-09-07 09:00:00,26361000.0,26810000.0,26806891.2235562,0.011595585392770684,1.0,45379.962626704975
2022-09-08 09:00:00,26810000.0,26887000.0,26896029.644595407,-0.03358368205975732,1.0,46152.90762952697
2022-09-09 09:00:00,26887000.0,29350000.0,29156217.551316727,0.6602468438953085,1.0,46285.461672327176
2022-09-10 09:00:00,29350000.0,29727000.0,29467199.851864465,0.8739534703654436,1.0,50525.4695608585
2022-09-11 09:00:00,29727000.0,30028000.0,29925830.738350466,0.34024664196594545,1.0,51174.467926256926
2022-09-12 09:00:00,30028000.0,30656000.0,30636406.01672733,0.06391565524749379,1.0,51692.633729930465
2022-09-13 09:00:00,30656000.0,28371000.0,28401384.426926304,-0.10709677814071995,0.0,52773.723845236054
2022-09-14 09:00:00,28371000.0,28344000.0,28187875.178033236,0.5508214153498574,0.0,52773.723845236054
2022-09-15 09:00:00,28344000.0,28024000.0,28031705.54462962,-0.027496234048024995,0.0,52773.723845236054
2022-09-16 09:00:00,28024000.0,27915000.0,28013094.71702514,-0.351405040390967,0.0,52773.723845236054
2022-09-17 09:00:00,27915000.0,28174000.0,28181928.422898576,-0.028140920347042183,1.0,52773.723845236054
2022-09-18 09:00:00,28174000.0,27490000.0,27430849.68477688,0.21517029910192853,0.0,53263.36720815621
2022-09-19 09:00:00,27490000.0,27566000.0,27693282.857681185,-0.4617385826060546,1.0,53263.36720815621
2022-09-20 09:00:00,27566000.0,26757000.0,26866738.578432605,-0.41013035255299424,0.0,52198.099863993084
2022-09-21 09:00:00,26757000.0,26538000.0,26580868.603306126,-0.16153667686383996,0.0,52198.099863993084
2022-09-22 09:00:00,26538000.0,27572000.0,27456192.42118438,0.42001878287980704,1.0,52198.099863993084
2022-09-23 09:00:00,27572000.0,27594000.0,27629533.41748309,-0.12877226021269608,0.0,54231.894244103445
2022-09-24 09:00:00,27594000.0,27270000.0,27356629.523991607,-0.3176733553047566,0.0,54231.894244103445
2022-09-25 09:00:00,27270000.0,27051000.0,27126468.06339818,-0.27898437543225263,0.0,54231.894244103445
2022-09-26 09:00:00,27051000.0,27597000.0,27745406.46648371,-0.5377630412135683,1.0,54231.894244103445
2022-09-27 09:00:00,27597000.0,27501000.0,27498121.58711779,0.01046657533256545,0.0,55326.51604208801
2022-09-28 09:00:00,27501000.0,27952000.0,27883147.478030983,0.2463241341192639,1.0,55326.51604208801
2022-09-29 09:00:00,27952000.0,28033000.0,27862199.81044557,0.6092825939229856,0.0,54219.98572124625
2022-09-30 09:00:00,28033000.0,27924000.0,27908308.868331052,0.05619227785756925,0.0,54219.98572124625
2022-10-01 09:00:00,27924000.0,27868000.0,27816761.598938126,0.18386106308983022,0.0,54219.98572124625
2022-10-02 09:00:00,27868000.0,27691000.0,27850631.532034665,-0.5764744214173029,0.0,54219.98572124625
2022-10-03 09:00:00,27691000.0,28299000.0,28482073.683494885,-0.6469263348347452,1.0,54219.98572124625
2022-10-04 09:00:00,28299000.0,28980000.0,29102955.505472343,-0.4242771065298255,1.0,55410.47184737091
2022-10-05 09:00:00,28980000.0,28721000.0,28606246.394103013,0.3995459973433621,0.0,56743.894630086186
2022-10-06 09:00:00,28721000.0,28418000.0,28169381.46021985,0.874862903019745,0.0,56743.894630086186
2022-10-07 09:00:00,28418000.0,27805000.0,27852096.685314648,-0.16938207270148484,0.0,56743.894630086186
2022-10-08 09:00:00,27805000.0,27743000.0,27953882.455182802,-0.7601285195645818,1.0,56743.894630086186
2022-10-09 09:00:00,27743000.0,27679000.0,27550302.013107724,0.464966172521679,0.0,56617.36625507934
2022-10-10 09:00:00,27679000.0,27401000.0,27422738.24054717,-0.07933374894043647,0.0,56617.36625507934
2022-10-11 09:00:00,27401000.0,27339000.0,27395321.38156595,-0.2060111253738279,0.0,56617.36625507934
2022-10-12 09:00:00,27339000.0,27460000.0,27382882.714784358,0.2808349789353325,0.0,56617.36625507934
2022-10-13 09:00:00,27460000.0,27810000.0,27770394.87628977,0.14241324599147787,1.0,56617.36625507934
2022-10-14 09:00:00,27810000.0,27660000.0,27676899.685047124,-0.06109792135619516,0.0,55485.01892997775
2022-10-15 09:00:00,27660000.0,27524000.0,27520460.049701072,0.012861322114982287,0.0,55485.01892997775
2022-10-16 09:00:00,27524000.0,27655000.0,27624106.088175967,0.11171184893882721,1.0,55485.01892997775
2022-10-17 09:00:00,27655000.0,27993000.0,27935628.039739575,0.20495109584690732,1.0,55749.09891398542
2022-10-18 09:00:00,27993000.0,27812000.0,27885416.089539632,-0.2639727079664612,0.0,56430.465590280015
2022-10-19 09:00:00,27812000.0,27657000.0,27632446.78716579,0.08877757108221862,0.0,56430.465590280015
2022-10-20 09:00:00,27657000.0,27505000.0,27473289.659811646,0.11528936625469642,0.0,56430.465590280015
2022-10-21 09:00:00,27505000.0,27580000.0,27556518.221032143,0.08514060539469674,0.0,56430.465590280015
2022-10-22 09:00:00,27580000.0,27620000.0,27645250.561742377,-0.09142129522945885,0.0,56430.465590280015
2022-10-23 09:00:00,27620000.0,27981000.0,27904485.01934437,0.2734533456832465,1.0,56430.465590280015
2022-10-24 09:00:00,27981000.0,27803000.0,27760846.005769175,0.15161671125715015,0.0,57168.02526001539
2022-10-25 09:00:00,27803000.0,28494000.0,28621467.16741122,-0.44734739738618423,1.0,57168.02526001539
2022-10-26 09:00:00,28494000.0,29079000.0,28951849.36846469,0.4372592989281278,1.0,58588.84695028877
2022-10-27 09:00:00,29079000.0,28590000.0,28438512.62665329,0.5298613968055569,0.0,59791.71335956507
2022-10-28 09:00:00,28590000.0,28958000.0,28656683.451831423,1.0405295537280794,0.0,59791.71335956507
2022-10-29 09:00:00,28958000.0,29091000.0,28940267.306834225,0.5181420135635605,0.0,59791.71335956507
2022-10-30 09:00:00,29091000.0,28957000.0,29049037.816363294,-0.3178430651078968,0.0,59791.71335956507
2022-10-31 09:00:00,28957000.0,28778000.0,28982526.63227094,-0.7107048171205075,0.0,59791.71335956507
2022-11-01 09:00:00,28778000.0,28749000.0,28667110.15922907,0.2848441363905877,0.0,59791.71335956507
2022-11-02 09:00:00,28749000.0,28632000.0,28523293.885569233,0.379666507511758,0.0,59791.71335956507
2022-11-03 09:00:00,28632000.0,28693000.0,28709180.277650625,-0.056391027953244736,0.0,59791.71335956507
2022-11-04 09:00:00,28693000.0,29388000.0,29585894.76475241,-0.6733862962855939,1.0,59791.71335956507
2022-11-05 09:00:00,29388000.0,29756000.0,29541954.277422085,0.7193363441924808,1.0,61239.984393785875
2022-11-06 09:00:00,29756000.0,29473000.0,29389351.982536476,0.2838123620382177,0.0,62006.83869679776
2022-11-07 09:00:00,29473000.0,28945000.0,28808649.05227477,0.47106908870350306,0.0,62006.83869679776
2022-11-08 09:00:00,28945000.0,26650000.0,26977373.506753705,-1.2284184118337915,0.0,62006.83869679776
2022-11-09 09:00:00,26650000.0,22919000.0,22982415.61058322,-0.27669449183306283,0.0,62006.83869679776
2022-11-10 09:00:00,22919000.0,24779000.0,24301781.509400975,1.9258989087494454,1.0,62006.83869679776
2022-11-11 09:00:00,24779000.0,23656000.0,22572468.306615993,4.58036732069668,0.0,67039.02683659634
2022-11-12 09:00:00,23656000.0,23380000.0,24092892.716922812,-3.049156188720326,1.0,67039.02683659634
2022-11-13 09:00:00,23380000.0,22510000.0,22539778.25078327,-0.13228898615401316,0.0,65698.24629986442
2022-11-14 09:00:00,22510000.0,22701000.0,22845818.796877354,-0.6379401650912048,1.0,65698.24629986442
2022-11-15 09:00:00,22701000.0,23003000.0,24071661.377650954,-4.645747848763005,1.0,64384.28137386713
2022-11-16 09:00:00,23003000.0,22954000.0,23179755.12598467,-0.9835110481165319,1.0,65240.809851683436
2022-11-17 09:00:00,22954000.0,22982000.0,23438619.470289268,-1.986856976282602,1.0,65101.836688064235
2022-11-18 09:00:00,22982000.0,23061000.0,23160434.379956663,-0.43117982722632436,1.0,65181.249924418065
2022-11-19 09:00:00,23061000.0,23081000.0,22889524.04554635,0.829582576377327,0.0,65405.30869841637
2022-11-20 09:00:00,23081000.0,22788000.0,22559485.244206518,1.0027854826815958,0.0,65405.30869841637
2022-11-21 09:00:00,22788000.0,22220000.0,22279958.572698694,-0.26984056120024175,0.0,65405.30869841637
2022-11-22 09:00:00,22220000.0,22584000.0,22639765.665607426,-0.24692554732299998,1.0,65405.30869841637
2022-11-23 09:00:00,22584000.0,22985000.0,22911917.477274828,0.3179574623675107,1.0,66476.75479950654
2022-11-24 09:00:00,22985000.0,22738000.0,22762089.682850085,-0.10594459868979329,0.0,67657.11163065258
2022-11-25 09:00:00,22738000.0,22676000.0,22582275.600349665,0.41331980794820655,0.0,67657.11163065258
2022-11-26 09:00:00,22676000.0,22660000.0,22654738.05875674,0.0232212764486368,0.0,67657.11163065258
2022-11-27 09:00:00,22660000.0,22646000.0,22125392.096231874,2.298895627343133,0.0,67657.11163065258
2022-11-28 09:00:00,22646000.0,22339000.0,22365595.3080286,-0.11905326124088415,0.0,67657.11163065258
2022-11-29 09:00:00,22339000.0,22417000.0,22091322.52489643,1.4528147169717995,0.0,67657.11163065258
2022-11-30 09:00:00,22417000.0,23192000.0,24285600.657716647,-4.71542194600141,1.0,67657.11163065258
2022-12-01 09:00:00,23192000.0,23002000.0,23596958.879658263,-2.5865528200081,1.0,69996.1517124546
2022-12-02 09:00:00,23002000.0,22877000.0,22684528.21572168,0.8413331480452781,0.0,69422.70962788377
2022-12-03 09:00:00,22877000.0,22830000.0,22916851.423676062,-0.3804267353309784,0.0,69422.70962788377
2022-12-04 09:00:00,22830000.0,22906000.0,23004088.99702587,-0.4282240331173919,1.0,69422.70962788377
2022-12-05 09:00:00,22906000.0,22725000.0,22840732.062083233,-0.5092720003662625,0.0,69653.81457452061
2022-12-06 09:00:00,22725000.0,22821000.0,22759000.082607143,0.271679231378368,0.0,69653.81457452061
2022-12-07 09:00:00,22821000.0,22544000.0,22482103.13769915,0.2745602479633182,0.0,69653.81457452061
2022-12-08 09:00:00,22544000.0,22918000.0,22855279.77080255,0.2736723501066846,1.0,69653.81457452061
2022-12-09 09:00:00,22918000.0,22849000.0,22793758.731396373,0.24176667952044573,0.0,70809.356033484
2022-12-10 09:00:00,22849000.0,22831000.0,22764677.29233383,0.290494098664841,0.0,70809.356033484
2022-12-11 09:00:00,22831000.0,22775000.0,22777943.2959022,-0.012923362907574284,0.0,70809.356033484
2022-12-12 09:00:00,22775000.0,22824000.0,22836435.17945218,-0.054482910323260005,0.0,70809.356033484
2022-12-13 09:00:00,22824000.0,23161000.0,23181475.674539912,-0.08840583109499803,1.0,70809.356033484
2022-12-14 09:00:00,23161000.0,23235000.0,23625723.112545975,-1.6816144288615216,1.0,71854.86746808286
2022-12-15 09:00:00,23235000.0,22942000.0,23189104.19239006,-1.0770821741350283,0.0,72084.44564660011
2022-12-16 09:00:00,22942000.0,22249000.0,22282601.20720257,-0.15102344915532676,0.0,72084.44564660011
2022-12-17 09:00:00,22249000.0,22230000.0,22560370.998071738,-1.4861493390541503,1.0,72084.44564660011
2022-12-18 09:00:00,22230000.0,22210000.0,22086931.68512795,0.554112178622462,0.0,72022.88762299072
2022-12-19 09:00:00,22210000.0,21654000.0,22201754.79234361,-2.5295778717262816,0.0,72022.88762299072
2022-12-20 09:00:00,21654000.0,22011000.0,22019730.727260128,-0.03966529126403918,1.0,72022.88762299072
2022-12-21 09:00:00,22011000.0,21943000.0,21863911.418440394,0.36042738713761063,0.0,73210.29738014449
2022-12-22 09:00:00,21943000.0,21891000.0,21841940.275922097,0.22410910455393876,0.0,73210.29738014449
2022-12-23 09:00:00,21891000.0,21872000.0,22078775.79845544,-0.9453904464860987,1.0,73210.29738014449
2022-12-24 09:00:00,21872000.0,21951000.0,22208400.477510158,-1.1726139014630677,1.0,73146.75548392125
2022-12-25 09:00:00,21951000.0,21848000.0,21804117.695942707,0.20085272820071698,0.0,73410.95599979679
2022-12-26 09:00:00,21848000.0,21702000.0,21752859.72968946,-0.23435503497124802,0.0,73410.95599979679
2022-12-27 09:00:00,21702000.0,21321000.0,21812152.13769536,-2.303607418485816,1.0,73410.95599979679
2022-12-28 09:00:00,21321000.0,21061000.0,21723174.05299355,-3.1440769811193716,1.0,71942.73687980085
2022-12-29 09:00:00,21061000.0,21201000.0,21177453.123382125,0.11106493381385289,1.0,71942.73687980085
2022-12-30 09:00:00,21201000.0,21070000.0,21130799.41826679,-0.2885591754475171,0.0,71942.73687980085
2022-12-31 09:00:00,21070000.0,21079000.0,21093944.569603413,-0.07089790598896221,0.0,71942.73687980085
